ram,wl,RunTime(s),dbs,ld,nm,Throughput(ops/sec),RunTime(ms),lt,n,rf,t,nt
2GB,c,778.69,1000,True,nodal, 1284.2080930794025, 778690.0,1,3,1,3,vm
2GB,c,19.909,800,False,nodal, 502.2853985634638, 19909.0,1,1,1,4,vm
2GB,a,172.844,500,True,nodal, 2892.781930526949, 172844.0,1,1,1,3,vm
2GB,c,776.31,1000,True,nodal, 1288.1451997269132, 776310.0,1,3,1,5,vm
2GB,a,32.348,800,False,nodal, 309.13812291331766, 32348.0,1,6,1,1,vm
2GB,a,15.915,800,False,nodal, 628.3380458686773, 15915.0,1,3,1,3,vm
2GB,a,28.041,1000,False,nodal, 356.6206626011911, 28041.0,1,6,1,3,vm
2GB,f,44.191,800,False,nodal, 226.29042112647372, 44191.0,1,6,1,3,vm
2GB,c,346.862,1000,True,nodal, 2882.990930110534, 346862.0,1,1,1,4,vm
2GB,c,386.652,500,True,nodal, 1293.152498887889, 386652.0,1,3,1,5,vm
2GB,a,1195.994,800,True,nodal, 668.8996767542312, 1195994.0,1,6,1,3,vm
2GB,a,35.203,800,False,nodal, 284.06669886089253, 35203.0,1,6,1,2,vm
2GB,f,24.17,500,False,nodal, 413.7360364087712, 24170.0,1,6,1,5,vm
2GB,a,25.413,1000,False,nodal, 393.49939007594537, 25413.0,1,3,1,4,vm
2GB,a,21.997,1000,False,nodal, 454.6074464699732, 21997.0,1,3,1,2,vm
2GB,c,288.021,800,True,nodal, 2777.5752462494056, 288021.0,1,1,1,4,vm
2GB,f,23.769,500,False,nodal, 420.7160587319618, 23769.0,1,3,1,1,vm
2GB,a,21.271,500,False,nodal, 470.1236425179822, 21271.0,1,1,1,1,vm
2GB,f,22.127,1000,False,nodal, 451.9365481086455, 22127.0,1,1,1,5,vm
2GB,a,384.89,1000,True,nodal, 2598.14492452389, 384890.0,1,1,1,1,vm
2GB,a,450.47,500,True,nodal, 1109.951828090661, 450470.0,1,3,1,1,vm
2GB,f,283.875,800,True,nodal, 2818.1417877586964, 283875.0,1,1,1,2,vm
2GB,a,31.566,500,False,nodal, 316.7965532535006, 31566.0,1,6,1,3,vm
2GB,f,14.382,500,False,nodal, 695.3135864274788, 14382.0,1,1,1,1,vm
2GB,f,1590.628,1000,True,nodal, 628.6825077893762, 1590628.0,1,6,1,5,vm
2GB,a,286.257,800,True,nodal, 2794.6914835270404, 286257.0,1,1,1,5,vm
2GB,a,25.287,1000,False,nodal, 395.4601178471151, 25287.0,1,6,1,4,vm
2GB,f,1284.064,800,True,nodal, 623.0219054501956, 1284064.0,1,6,1,2,vm
2GB,c,611.854,800,True,nodal, 1307.5014627672615, 611854.0,1,3,1,5,vm
2GB,f,766.674,1000,True,nodal, 1304.3353498357842, 766674.0,1,3,1,4,vm
2GB,f,16.151,500,False,nodal, 619.1567085629373, 16151.0,1,1,1,4,vm
2GB,f,768.868,1000,True,nodal, 1300.6133692649453, 768868.0,1,3,1,3,vm
2GB,f,18.852,500,False,nodal, 530.4476978569913, 18852.0,1,3,1,2,vm
2GB,c,283.136,800,True,nodal, 2825.497287522604, 283136.0,1,1,1,1,vm
2GB,f,1274.83,800,True,nodal, 627.5346516790474, 1274830.0,1,6,1,5,vm
2GB,c,825.302,500,True,nodal, 605.8388323304681, 825302.0,1,6,1,4,vm
2GB,a,19.402,1000,False,nodal, 515.4107823935677, 19402.0,1,1,1,2,vm
2GB,c,17.381,500,False,nodal, 575.3408894770151, 17381.0,1,6,1,3,vm
2GB,f,355.228,1000,True,nodal, 2815.0934047991714, 355228.0,1,1,1,2,vm
2GB,a,17.807,500,False,nodal, 561.5769079575448, 17807.0,1,6,1,4,vm
2GB,c,1217.11,800,True,nodal, 657.2947391772313, 1217110.0,1,6,1,2,vm
2GB,a,285.516,800,True,nodal, 2801.944549517365, 285516.0,1,1,1,3,vm
2GB,a,281.305,800,True,nodal, 2843.888306286771, 281305.0,1,1,1,4,vm
2GB,c,616.338,800,True,nodal, 1297.9890904016952, 616338.0,1,3,1,1,vm
2GB,f,352.134,1000,True,nodal, 2839.828020015108, 352134.0,1,1,1,5,vm
2GB,f,1277.657,800,True,nodal, 626.146140943931, 1277657.0,1,6,1,1,vm
2GB,f,28.063,800,False,nodal, 356.3410896910523, 28063.0,1,6,1,4,vm
2GB,a,14.824,500,False,nodal, 674.5817593092282, 14824.0,1,3,1,3,vm
2GB,f,21.347,800,False,nodal, 468.44989928327163, 21347.0,1,1,1,4,vm
2GB,f,14.898,500,False,nodal, 671.2310377231843, 14898.0,1,1,1,5,vm
2GB,c,350.214,1000,True,nodal, 2855.396985842942, 350214.0,1,1,1,5,vm
2GB,f,285.478,800,True,nodal, 2802.3175165862167, 285478.0,1,1,1,1,vm
2GB,c,20.18,800,False,nodal, 495.5401387512388, 20180.0,1,1,1,3,vm
2GB,a,1319.371,800,True,nodal, 606.3495408039133, 1319371.0,1,6,1,5,vm
2GB,a,771.804,1000,True,nodal, 1295.6657389699976, 771804.0,1,3,1,2,vm
2GB,a,1643.207,1000,True,nodal, 608.5660540637911, 1643207.0,1,6,1,5,vm
2GB,c,1234.5,800,True,nodal, 648.0356419603078, 1234500.0,1,6,1,3,vm
2GB,a,19.819,800,False,nodal, 504.56632524345326, 19819.0,1,1,1,5,vm
2GB,c,718.581,500,True,nodal, 695.815781380248, 718581.0,1,6,1,3,vm
2GB,c,18.467,1000,False,nodal, 541.5064710023285, 18467.0,1,1,1,4,vm
2GB,a,36.838,800,False,nodal, 271.458819697052, 36838.0,1,6,1,3,vm
2GB,f,791.784,500,True,nodal, 631.4853545916563, 791784.0,1,6,1,4,vm
2GB,a,611.071,800,True,nodal, 1309.1768386979581, 611071.0,1,3,1,5,vm
2GB,f,173.97,500,True,nodal, 2874.0587457607635, 173970.0,1,1,1,2,vm
2GB,a,772.812,1000,True,nodal, 1293.9757664218464, 772812.0,1,3,1,1,vm
2GB,a,14.427,500,False,nodal, 693.1447979482914, 14427.0,1,3,1,2,vm
2GB,a,390.054,500,True,nodal, 1281.8737918339511, 390054.0,1,3,1,2,vm
2GB,a,386.846,500,True,nodal, 1292.5039938373409, 386846.0,1,3,1,5,vm
2GB,f,31.607,1000,False,nodal, 316.3856107824216, 31607.0,1,6,1,2,vm
2GB,f,58.661,1000,False,nodal, 170.47101140451068, 58661.0,1,6,1,5,vm
2GB,a,12.925,1000,False,nodal, 773.6943907156673, 12925.0,1,1,1,3,vm
2GB,c,24.217,1000,False,nodal, 412.93306355039846, 24217.0,1,3,1,5,vm
2GB,c,15.352,800,False,nodal, 651.3809275664408, 15352.0,1,3,1,2,vm
2GB,c,20.236,800,False,nodal, 494.16880806483493, 20236.0,1,1,1,2,vm
2GB,c,390.588,500,True,nodal, 1280.1212530850921, 390588.0,1,3,1,4,vm
2GB,a,22.31,1000,False,nodal, 448.22949350067233, 22310.0,1,3,1,5,vm
2GB,a,,500,True,nodal,,,1,1,1,1,vm
2GB,f,618.317,800,True,nodal, 1293.834715849637, 618317.0,1,3,1,3,vm
2GB,f,391.573,500,True,nodal, 1276.9011142239124, 391573.0,1,3,1,1,vm
2GB,c,14.61,800,False,nodal, 684.4626967830253, 14610.0,1,3,1,5,vm
2GB,f,176.814,500,True,nodal, 2827.8303754227604, 176814.0,1,1,1,3,vm
2GB,c,1281.737,800,True,nodal, 624.1530048676133, 1281737.0,1,6,1,1,vm
2GB,a,793.79,500,True,nodal, 629.8895173786518, 793790.0,1,6,1,4,vm
2GB,c,13.105,800,False,nodal, 763.0675314765357, 13105.0,1,1,1,1,vm
2GB,f,27.511,1000,False,nodal, 363.49096724946384, 27511.0,1,3,1,1,vm
2GB,a,170.009,500,True,nodal, 2941.020769488674, 170009.0,1,1,1,5,vm
2GB,a,390.163,500,True,nodal, 1281.5156742182114, 390163.0,1,3,1,3,vm
2GB,c,14.237,500,False,nodal, 702.3951675212475, 14237.0,1,1,1,1,vm
2GB,f,16.509,800,False,nodal, 605.7302077654613, 16509.0,1,1,1,5,vm
2GB,f,28.096,1000,False,nodal, 355.92255125284737, 28096.0,1,3,1,3,vm
2GB,a,174.468,500,True,nodal, 2865.8550565146616, 174468.0,1,1,1,4,vm
2GB,a,352.444,1000,True,nodal, 2837.3301857883807, 352444.0,1,1,1,3,vm
2GB,c,177.484,500,True,nodal, 2817.155349214577, 177484.0,1,1,1,1,vm
2GB,c,17.333,500,False,nodal, 576.9341718109964, 17333.0,1,6,1,2,vm
2GB,f,613.956,800,True,nodal, 1303.0249724735975, 613956.0,1,3,1,5,vm
2GB,a,13.498,800,False,nodal, 740.8504963698325, 13498.0,1,1,1,3,vm
2GB,f,612.855,800,True,nodal, 1305.3658695776326, 612855.0,1,3,1,1,vm
2GB,a,13.872,800,False,nodal, 720.876585928489, 13872.0,1,1,1,2,vm
2GB,c,27.01,800,False,nodal, 370.23324694557573, 27010.0,1,6,1,2,vm
2GB,a,283.073,800,True,nodal, 2826.1261229435518, 283073.0,1,1,1,1,vm
2GB,c,17.251,500,False,nodal, 579.6765404904064, 17251.0,1,6,1,4,vm
2GB,f,1519.297,1000,True,nodal, 658.1991539508075, 1519297.0,1,6,1,2,vm
2GB,a,12.372,500,False,nodal, 808.2767539605561, 12372.0,1,1,1,2,vm
2GB,f,176.789,500,True,nodal, 2828.2302631951084, 176789.0,1,1,1,5,vm
2GB,c,24.581,1000,False,nodal, 406.8182742768805, 24581.0,1,6,1,3,vm
2GB,c,174.51,500,True,nodal, 2865.1653200389665, 174510.0,1,1,1,4,vm
2GB,a,282.615,800,True,nodal, 2830.70608424889, 282615.0,1,1,1,2,vm
2GB,a,14.01,500,False,nodal, 713.7758743754462, 14010.0,1,3,1,5,vm
2GB,f,43.834,800,False,nodal, 228.13341241958298, 43834.0,1,1,1,1,vm
2GB,c,769.275,1000,True,nodal, 1299.925254297878, 769275.0,1,3,1,4,vm
2GB,a,620.524,800,True,nodal, 1289.2329708439963, 620524.0,1,3,1,4,vm
2GB,c,177.494,500,True,nodal, 2816.9966308720295, 177494.0,1,1,1,3,vm
2GB,a,750.612,500,True,nodal, 666.1231102087363, 750612.0,1,6,1,2,vm
2GB,c,35.476,800,False,nodal, 281.8807080843387, 35476.0,1,6,1,5,vm
2GB,f,20.219,800,False,nodal, 494.58430189425786, 20219.0,1,3,1,5,vm
2GB,a,52.006,500,False,nodal, 192.28550551859402, 52006.0,1,6,1,1,vm
2GB,c,25.062,1000,False,nodal, 399.0104540738967, 25062.0,1,6,1,5,vm
2GB,f,27.113,1000,False,nodal, 368.82676206985576, 27113.0,1,3,1,4,vm
2GB,c,351.393,1000,True,nodal, 2845.816507443233, 351393.0,1,1,1,1,vm
2GB,a,1546.659,1000,True,nodal, 646.5549290438294, 1546659.0,1,6,1,1,vm
2GB,f,18.351,500,False,nodal, 544.9294316386028, 18351.0,1,3,1,3,vm
2GB,c,19.776,800,False,nodal, 505.66343042071196, 19776.0,1,1,1,5,vm
2GB,c,28.754,500,False,nodal, 347.77770049384435, 28754.0,1,6,1,1,vm
2GB,f,771.29,1000,True,nodal, 1296.5291913547433, 771290.0,1,3,1,2,vm
2GB,f,1545.332,1000,True,nodal, 647.1101355566312, 1545332.0,1,6,1,3,vm
2GB,c,389.711,500,True,nodal, 1283.0020194451786, 389711.0,1,3,1,2,vm
2GB,c,280.695,800,True,nodal, 2850.0685797752008, 280695.0,1,1,1,2,vm
2GB,a,29.385,1000,False,nodal, 340.3096818104475, 29385.0,1,6,1,1,vm
2GB,f,387.996,500,True,nodal, 1288.6730791039083, 387996.0,1,3,1,5,vm
2GB,f,15.32,500,False,nodal, 652.7415143603133, 15320.0,1,1,1,3,vm
2GB,f,29.04,800,False,nodal, 344.3526170798898, 29040.0,1,6,1,5,vm
2GB,c,351.93,1000,True,nodal, 2841.474156792544, 351930.0,1,1,1,2,vm
2GB,a,345.419,1000,True,nodal, 2895.0347259415375, 345419.0,1,1,1,5,vm
2GB,a,169.388,500,True,nodal, 2951.8029612487308, 169388.0,1,1,1,2,vm
2GB,f,22.578,800,False,nodal, 442.90902648595977, 22578.0,1,1,1,3,vm
2GB,a,20.625,800,False,nodal, 484.8484848484849, 20625.0,1,6,1,5,vm
2GB,f,345.437,1000,True,nodal, 2894.883871733485, 345437.0,1,1,1,3,vm
2GB,c,762.481,1000,True,nodal, 1311.5080900376533, 762481.0,1,3,1,1,vm
2GB,c,34.131,1000,False,nodal, 292.98877852978234, 34131.0,1,6,1,2,vm
2GB,c,15.256,500,False,nodal, 655.4798112218143, 15256.0,1,3,1,2,vm
2GB,a,20.522,800,False,nodal, 487.28194133125425, 20522.0,1,1,1,1,vm
2GB,c,20.35,1000,False,nodal, 491.4004914004914, 20350.0,1,1,1,5,vm
2GB,c,172.503,500,True,nodal, 2898.5003159365347, 172503.0,1,1,1,5,vm
2GB,c,11.751,500,False,nodal, 850.9914049868096, 11751.0,1,1,1,3,vm
2GB,c,13.013,1000,False,nodal, 768.4623069238454, 13013.0,1,1,1,2,vm
2GB,a,24.124,1000,False,nodal, 414.524954402255, 24124.0,1,3,1,3,vm
2GB,f,815.723,500,True,nodal, 612.9531716035958, 815723.0,1,6,1,3,vm
2GB,a,16.224,800,False,nodal, 616.370808678501, 16224.0,1,3,1,1,vm
2GB,c,1542.346,1000,True,nodal, 648.362948391606, 1542346.0,1,6,1,1,vm
2GB,c,285.704,800,True,nodal, 2800.100803628931, 285704.0,1,1,1,5,vm
2GB,a,891.088,500,True,nodal, 561.111809383585, 891088.0,1,6,1,1,vm
2GB,a,20.144,1000,False,nodal, 496.4257347100874, 20144.0,1,1,1,1,vm
2GB,a,778.974,1000,True,nodal, 1283.7398937576863, 778974.0,1,3,1,4,vm
2GB,c,386.339,500,True,nodal, 1294.2001713521026, 386339.0,1,3,1,3,vm
2GB,f,24.686,500,False,nodal, 405.0879040751843, 24686.0,1,6,1,2,vm
2GB,f,283.319,800,True,nodal, 2823.6722563612043, 283319.0,1,1,1,4,vm
2GB,c,767.762,500,True,nodal, 651.2434843089395, 767762.0,1,6,1,2,vm
2GB,a,11.835,500,False,nodal, 844.9514152936206, 11835.0,1,1,1,4,vm
2GB,f,1923.061,800,True,nodal, 199.13772886039496, 1923061.0,1,6,1,3,vm
2GB,c,397.112,500,True,nodal, 1259.0906343802253, 397112.0,1,3,1,1,vm
2GB,f,385.938,500,True,nodal, 1295.5448802657422, 385938.0,1,3,1,3,vm
2GB,a,751.945,500,True,nodal, 664.9422497656078, 751945.0,1,6,1,3,vm
2GB,a,357.569,1000,True,nodal, 2796.6630216825283, 357569.0,1,1,1,2,vm
2GB,a,35.353,1000,False,nodal, 282.8614261873108, 35353.0,1,6,1,2,vm
2GB,f,19.624,800,False,nodal, 509.580105992662, 19624.0,1,3,1,4,vm
2GB,f,47.219,500,False,nodal, 211.77915669539803, 47219.0,1,6,1,4,vm
2GB,c,12.555,1000,False,nodal, 796.4954201513341, 12555.0,1,1,1,1,vm
2GB,c,30.187,800,False,nodal, 331.2684268062411, 30187.0,1,6,1,1,vm
2GB,f,22.345,800,False,nodal, 447.52741105392704, 22345.0,1,1,1,2,vm
2GB,c,21.823,1000,False,nodal, 458.23214040232784, 21823.0,1,3,1,4,vm
2GB,f,359.832,1000,True,nodal, 2779.074679294782, 359832.0,1,1,1,1,vm
2GB,a,776.243,1000,True,nodal, 1288.256383632445, 776243.0,1,3,1,5,vm
2GB,f,1625.916,1000,True,nodal, 615.0379232383468, 1625916.0,1,6,1,4,vm
2GB,c,14.092,500,False,nodal, 709.622480840193, 14092.0,1,3,1,5,vm
2GB,f,29.816,1000,False,nodal, 335.3903944191038, 29816.0,1,3,1,2,vm
2GB,a,13.905,500,False,nodal, 719.165767709457, 13905.0,1,1,1,5,vm
2GB,f,21.898,1000,False,nodal, 456.6627089231893, 21898.0,1,1,1,3,vm
2GB,f,1301.78,800,True,nodal, 614.5431639754797, 1301780.0,1,6,1,4,vm
2GB,a,15.878,800,False,nodal, 629.8022420959819, 15878.0,1,3,1,4,vm
2GB,a,14.923,500,False,nodal, 670.1065469409637, 14923.0,1,3,1,4,vm
2GB,f,27.873,800,False,nodal, 358.7701359738815, 27873.0,1,6,1,2,vm
2GB,f,1657.1,1000,True,nodal, 603.4638826866212, 1657100.0,1,6,1,1,vm
2GB,c,615.11,800,True,nodal, 1300.5803839963585, 615110.0,1,3,1,2,vm
2GB,c,34.908,1000,False,nodal, 286.4672854360032, 34908.0,1,6,1,1,vm
2GB,f,355.698,1000,True,nodal, 2811.373693414076, 355698.0,1,1,1,4,vm
2GB,c,354.106,1000,True,nodal, 2824.01314860522, 354106.0,1,1,1,3,vm
2GB,f,18.5,500,False,nodal, 540.5405405405405, 18500.0,1,3,1,5,vm
2GB,f,27.577,1000,False,nodal, 362.62102476701597, 27577.0,1,3,1,5,vm
2GB,c,174.645,500,True,nodal, 2862.9505568438835, 174645.0,1,1,1,2,vm
2GB,a,46.085,1000,False,nodal, 216.99034392969511, 46085.0,1,6,1,5,vm
2GB,a,20.432,1000,False,nodal, 489.4283476898982, 20432.0,1,1,1,5,vm
2GB,f,791.188,500,True,nodal, 631.9610509765063, 791188.0,1,6,1,1,vm
2GB,c,618.586,800,True,nodal, 1293.2720753460312, 618586.0,1,3,1,3,vm
2GB,c,608.704,800,True,nodal, 1314.267690043108, 608704.0,1,3,1,4,vm
2GB,c,22.922,1000,False,nodal, 436.2621062734491, 22922.0,1,3,1,2,vm
2GB,f,20.428,1000,False,nodal, 489.5241824946152, 20428.0,1,1,1,2,vm
2GB,c,742.228,500,True,nodal, 673.6474506485878, 742228.0,1,6,1,5,vm
2GB,a,23.396,500,False,nodal, 427.42349119507605, 23396.0,1,3,1,1,vm
2GB,a,36.948,500,False,nodal, 270.65064414853305, 36948.0,1,6,1,5,vm
2GB,c,19.789,800,False,nodal, 505.3312446308555, 19789.0,1,6,1,3,vm
2GB,a,35.416,500,False,nodal, 282.35825615541, 35416.0,1,6,1,2,vm
2GB,a,1254.99,800,True,nodal, 637.4552785281157, 1254990.0,1,6,1,2,vm
2GB,f,387.134,500,True,nodal, 1291.5424633331095, 387134.0,1,3,1,2,vm
2GB,a,19.95,800,False,nodal, 501.2531328320802, 19950.0,1,1,1,4,vm
2GB,c,18.265,500,False,nodal, 547.4952094169176, 18265.0,1,3,1,1,vm
2GB,c,1568.678,1000,True,nodal, 637.479457224491, 1568678.0,1,6,1,4,vm
2GB,a,1553.738,1000,True,nodal, 643.6091541817218, 1553738.0,1,6,1,2,vm
2GB,a,21.258,800,False,nodal, 470.41113933577947, 21258.0,1,6,1,4,vm
2GB,f,763.257,1000,True,nodal, 1310.1746855908298, 763257.0,1,3,1,5,vm
2GB,c,1204.329,800,True,nodal, 664.2703115178659, 1204329.0,1,6,1,5,vm
2GB,f,391.736,500,True,nodal, 1276.3698000694344, 391736.0,1,3,1,4,vm
2GB,c,13.481,500,False,nodal, 741.7847340701728, 13481.0,1,3,1,4,vm
2GB,a,12.155,1000,False,nodal, 822.7067050596462, 12155.0,1,1,1,4,vm
2GB,a,387.726,500,True,nodal, 1289.5704698678965, 387726.0,1,3,1,4,vm
2GB,a,1213.182,800,True,nodal, 659.4229060437758, 1213182.0,1,6,1,4,vm
2GB,a,16.128,800,False,nodal, 620.0396825396825, 16128.0,1,3,1,5,vm
2GB,f,35.255,1000,False,nodal, 283.64770954474545, 35255.0,1,6,1,1,vm
2GB,a,23.206,1000,False,nodal, 430.9230371455658, 23206.0,1,3,1,1,vm
2GB,f,56.067,1000,False,nodal, 178.35803592130844, 56067.0,1,6,1,3,vm
2GB,f,55.123,500,False,nodal, 181.4124775502059, 55123.0,1,6,1,1,vm
2GB,a,1559.621,1000,True,nodal, 641.1814152284434, 1559621.0,1,6,1,4,vm
2GB,f,281.984,800,True,nodal, 2837.040399455288, 281984.0,1,1,1,3,vm
2GB,f,20.608,800,False,nodal, 485.24844720496895, 20608.0,1,3,1,2,vm
2GB,c,17.786,500,False,nodal, 562.2399640166423, 17786.0,1,6,1,5,vm
2GB,f,23.623,500,False,nodal, 423.3162595775304, 23623.0,1,6,1,3,vm
2GB,c,1571.492,1000,True,nodal, 636.3379514499596, 1571492.0,1,6,1,3,vm
2GB,f,774.896,1000,True,nodal, 1290.4957568499515, 774896.0,1,3,1,1,vm
2GB,c,776.043,1000,True,nodal, 1288.588390076323, 776043.0,1,3,1,2,vm
2GB,c,1605.442,1000,True,nodal, 622.8814245547333, 1605442.0,1,6,1,5,vm
2GB,c,24.912,1000,False,nodal, 401.4129736673089, 24912.0,1,3,1,1,vm
2GB,f,22.279,1000,False,nodal, 448.8531801247812, 22279.0,1,1,1,1,vm
2GB,c,16.042,800,False,nodal, 623.3636703652911, 16042.0,1,3,1,1,vm
2GB,a,347.174,1000,True,nodal, 2880.4000299561603, 347174.0,1,1,1,4,vm
2GB,c,13.264,500,False,nodal, 753.9203860072377, 13264.0,1,1,1,2,vm
2GB,a,12.43,500,False,nodal, 804.5052292839904, 12430.0,1,1,1,3,vm
2GB,f,20.009,800,False,nodal, 499.775101204458, 20009.0,1,3,1,3,vm
2GB,c,1587.273,1000,True,nodal, 630.0113465043505, 1587273.0,1,6,1,2,vm
2GB,a,619.919,800,True,nodal, 1290.4911770731337, 619919.0,1,3,1,2,vm
2GB,a,616.726,800,True,nodal, 1297.1724882686963, 616726.0,1,3,1,1,vm
2GB,f,20.916,800,False,nodal, 478.102887741442, 20916.0,1,3,1,1,vm
2GB,f,831.76,500,True,nodal, 601.1349427719534, 831760.0,1,6,1,5,vm
2GB,c,12.341,500,False,nodal, 810.3071063933231, 12341.0,1,1,1,5,vm
2GB,f,15.883,500,False,nodal, 629.6039790971479, 15883.0,1,1,1,2,vm
2GB,f,171.452,500,True,nodal, 2916.2681100249633, 171452.0,1,1,1,4,vm
2GB,a,1187.962,800,True,nodal, 673.4222138418569, 1187962.0,1,6,1,1,vm
2GB,f,18.446,500,False,nodal, 542.1229534858506, 18446.0,1,3,1,4,vm
2GB,c,19.267,1000,False,nodal, 519.0221622463279, 19267.0,1,1,1,3,vm
2GB,c,14.584,800,False,nodal, 685.6829402084476, 14584.0,1,3,1,4,vm
2GB,c,845.759,500,True,nodal, 591.1849593087393, 845759.0,1,6,1,1,vm
2GB,f,31.034,1000,False,nodal, 322.2272346458723, 31034.0,1,6,1,4,vm
2GB,a,16.025,800,False,nodal, 624.02496099844, 16025.0,1,3,1,2,vm
2GB,c,23.73,1000,False,nodal, 421.40750105351873, 23730.0,1,3,1,3,vm
2GB,c,13.862,500,False,nodal, 721.3966238638003, 13862.0,1,3,1,3,vm
2GB,f,49.187,800,False,nodal, 203.3057515197105, 49187.0,1,6,1,1,vm
2GB,a,1554.074,1000,True,nodal, 643.4700020719735, 1554074.0,1,6,1,3,vm
2GB,c,283.103,800,True,nodal, 2825.826642600043, 283103.0,1,1,1,3,vm
2GB,c,13.499,500,False,nodal, 740.7956144899622, 13499.0,1,1,1,4,vm
2GB,c,1310.914,800,True,nodal, 610.2612375792768, 1310914.0,1,6,1,4,vm
2GB,f,21.704,1000,False,nodal, 460.7445632141541, 21704.0,1,1,1,4,vm
2GB,c,43.195,1000,False,nodal, 231.50827642088205, 43195.0,1,6,1,4,vm
2GB,a,778.074,1000,True,nodal, 1285.2247986695352, 778074.0,1,3,1,3,vm
2GB,f,174.007,500,True,nodal, 2873.4476199233363, 174007.0,1,1,1,1,vm
2GB,c,20.263,800,False,nodal, 493.51033904160295, 20263.0,1,6,1,4,vm
2GB,a,771.163,500,True,nodal, 648.3713559908865, 771163.0,1,6,1,5,vm
2GB,f,617.701,800,True,nodal, 1295.12498765584, 617701.0,1,3,1,2,vm
2GB,c,14.601,800,False,nodal, 684.8845969454147, 14601.0,1,3,1,3,vm
2GB,f,617.055,800,True,nodal, 1296.4808647527368, 617055.0,1,3,1,4,vm
2GB,f,838.268,500,True,nodal, 596.4679553555665, 838268.0,1,6,1,2,vm
2GB,a,614.273,800,True,nodal, 1302.3525370641391, 614273.0,1,3,1,3,vm
2GB,f,270.235,800,True,nodal, 2960.386330416119, 270235.0,1,1,1,5,vm
1GB,c,1140.544,1000,True,nodal, 876.7745917737501, 1140544.0,1,3,1,3,vm
1GB,c,18.719,800,False,nodal, 534.2165713980447, 18719.0,1,1,1,4,vm
1GB,a,178.422,500,True,nodal, 2802.3450022979227, 178422.0,1,1,1,3,vm
1GB,c,1091.504,1000,True,nodal, 916.1670502352717, 1091504.0,1,3,1,5,vm
1GB,a,47.312,800,False,nodal, 211.36286777138992, 47312.0,1,6,1,1,vm
1GB,a,29.859,800,False,nodal, 334.90739810442415, 29859.0,1,3,1,3,vm
1GB,a,30.589,1000,False,nodal, 326.9149040504757, 30589.0,1,6,1,3,vm
1GB,f,41.152,800,False,nodal, 243.00155520995335, 41152.0,1,6,1,3,vm
1GB,c,531.888,1000,True,nodal, 1880.0950576061125, 531888.0,1,1,1,4,vm
1GB,c,572.295,500,True,nodal, 873.6752898417774, 572295.0,1,3,1,5,vm
1GB,a,1233.987,800,True,nodal, 648.3050469737526, 1233987.0,1,6,1,3,vm
1GB,a,30.14,800,False,nodal, 331.78500331785006, 30140.0,1,6,1,2,vm
1GB,f,50.813,500,False,nodal, 196.80003148800503, 50813.0,1,6,1,5,vm
1GB,a,37.395,1000,False,nodal, 267.4154298703035, 37395.0,1,3,1,4,vm
1GB,a,22.727,1000,False,nodal, 440.0052800633608, 22727.0,1,3,1,2,vm
1GB,c,455.765,800,True,nodal, 1755.290555439755, 455765.0,1,1,1,4,vm
1GB,f,25.792,500,False,nodal, 387.71712158808936, 25792.0,1,3,1,1,vm
1GB,a,40.289,500,False,nodal, 248.20670654521086, 40289.0,1,1,1,1,vm
1GB,f,21.163,1000,False,nodal, 472.5227992250626, 21163.0,1,1,1,5,vm
1GB,a,664.053,1000,True,nodal, 1505.9038962251507, 664053.0,1,1,1,1,vm
1GB,a,524.9,500,True,nodal, 952.5623928367309, 524900.0,1,3,1,1,vm
1GB,f,452.904,800,True,nodal, 1766.378746930917, 452904.0,1,1,1,2,vm
1GB,a,19.796,500,False,nodal, 505.1525560719337, 19796.0,1,6,1,3,vm
1GB,f,23.449,500,False,nodal, 426.4574182267901, 23449.0,1,1,1,1,vm
1GB,f,1545.851,1000,True,nodal, 646.8928764803335, 1545851.0,1,6,1,5,vm
1GB,a,454.279,800,True,nodal, 1761.03231714431, 454279.0,1,1,1,5,vm
1GB,a,42.026,1000,False,nodal, 237.94793699138629, 42026.0,1,6,1,4,vm
1GB,f,1214.151,800,True,nodal, 658.8966281788673, 1214151.0,1,6,1,2,vm
1GB,c,744.493,800,True,nodal, 1074.5567789085997, 744493.0,1,3,1,5,vm
1GB,f,1048.748,1000,True,nodal, 953.5179089733664, 1048748.0,1,3,1,4,vm
1GB,f,21.947,500,False,nodal, 455.6431402925229, 21947.0,1,1,1,4,vm
1GB,f,1062.592,1000,True,nodal, 941.0949828344275, 1062592.0,1,3,1,3,vm
1GB,f,23.687,500,False,nodal, 422.17249968337063, 23687.0,1,3,1,2,vm
1GB,c,459.553,800,True,nodal, 1740.8220596971405, 459553.0,1,1,1,1,vm
1GB,f,1220.739,800,True,nodal, 655.3407403220508, 1220739.0,1,6,1,5,vm
1GB,c,726.359,500,True,nodal, 688.3648443813596, 726359.0,1,6,1,4,vm
1GB,a,19.194,1000,False,nodal, 520.9961446285298, 19194.0,1,1,1,2,vm
1GB,c,20.407,500,False,nodal, 490.02793159210074, 20407.0,1,6,1,3,vm
1GB,f,637.166,1000,True,nodal, 1569.449719539335, 637166.0,1,1,1,2,vm
1GB,a,29.763,500,False,nodal, 335.9876356550079, 29763.0,1,6,1,4,vm
1GB,c,1256.248,800,True,nodal, 636.8169342359153, 1256248.0,1,6,1,2,vm
1GB,a,457.666,800,True,nodal, 1747.9996329200771, 457666.0,1,1,1,3,vm
1GB,a,454.856,800,True,nodal, 1758.7983889406757, 454856.0,1,1,1,4,vm
1GB,c,838.372,800,True,nodal, 954.2303416621738, 838372.0,1,3,1,1,vm
1GB,f,555.191,1000,True,nodal, 1801.1819355861317, 555191.0,1,1,1,5,vm
1GB,f,1310.566,800,True,nodal, 610.4232827648513, 1310566.0,1,6,1,1,vm
1GB,f,32.117,800,False,nodal, 311.36158420774046, 32117.0,1,6,1,4,vm
1GB,a,19.188,500,False,nodal, 521.1590577444236, 19188.0,1,3,1,3,vm
1GB,f,22.253,800,False,nodal, 449.3776120073698, 22253.0,1,1,1,4,vm
1GB,f,20.032,500,False,nodal, 499.20127795527156, 20032.0,1,1,1,5,vm
1GB,c,632.755,1000,True,nodal, 1580.390514496132, 632755.0,1,1,1,5,vm
1GB,f,446.811,800,True,nodal, 1790.466215021564, 446811.0,1,1,1,1,vm
1GB,c,17.825,800,False,nodal, 561.0098176718093, 17825.0,1,1,1,3,vm
1GB,a,1216.714,800,True,nodal, 657.5086667861141, 1216714.0,1,6,1,5,vm
1GB,a,1055.33,1000,True,nodal, 947.5709019927416, 1055330.0,1,3,1,2,vm
1GB,a,1572.436,1000,True,nodal, 635.9559307978194, 1572436.0,1,6,1,5,vm
1GB,c,1318.39,800,True,nodal, 606.8007190588521, 1318390.0,1,6,1,3,vm
1GB,a,18.102,800,False,nodal, 552.4251463926638, 18102.0,1,1,1,5,vm
1GB,c,845.486,500,True,nodal, 591.3758477372777, 845486.0,1,6,1,3,vm
1GB,c,19.123,1000,False,nodal, 522.9305025362129, 19123.0,1,1,1,4,vm
1GB,a,24.749,800,False,nodal, 404.0567295648309, 24749.0,1,6,1,3,vm
1GB,f,812.028,500,True,nodal, 615.7423143044329, 812028.0,1,6,1,4,vm
1GB,a,839.077,800,True,nodal, 953.4285887945922, 839077.0,1,3,1,5,vm
1GB,f,318.771,500,True,nodal, 1568.524112921188, 318771.0,1,1,1,2,vm
1GB,a,1176.449,1000,True,nodal, 850.0155977862194, 1176449.0,1,3,1,1,vm
1GB,a,22.861,500,False,nodal, 437.4261843313941, 22861.0,1,3,1,2,vm
1GB,a,581.64,500,True,nodal, 859.6382642184169, 581640.0,1,3,1,2,vm
1GB,a,518.226,500,True,nodal, 964.8300162477375, 518226.0,1,3,1,5,vm
1GB,f,47.893,1000,False,nodal, 208.79878061512122, 47893.0,1,6,1,2,vm
1GB,f,58.367,1000,False,nodal, 171.3296897219319, 58367.0,1,6,1,5,vm
1GB,a,17.978,1000,False,nodal, 556.2353988207809, 17978.0,1,1,1,3,vm
1GB,c,22.802,1000,False,nodal, 438.5580212262082, 22802.0,1,3,1,5,vm
1GB,c,18.105,800,False,nodal, 552.3336095001381, 18105.0,1,3,1,2,vm
1GB,c,19.189,800,False,nodal, 521.1318984835061, 19189.0,1,1,1,2,vm
1GB,c,608.519,500,True,nodal, 821.6670309390504, 608519.0,1,3,1,4,vm
1GB,a,43.763,1000,False,nodal, 228.50353037954437, 43763.0,1,3,1,5,vm
1GB,a,275.07,500,True,nodal, 1817.7191260406441, 275070.0,1,1,1,1,vm
1GB,f,896.123,800,True,nodal, 892.7345911219777, 896123.0,1,3,1,3,vm
1GB,f,563.882,500,True,nodal, 886.7103401066181, 563882.0,1,3,1,1,vm
1GB,c,25.624,800,False,nodal, 390.2591320636903, 25624.0,1,3,1,5,vm
1GB,f,345.812,500,True,nodal, 1445.8723236903288, 345812.0,1,1,1,3,vm
1GB,c,1259.865,800,True,nodal, 634.98866942093, 1259865.0,1,6,1,1,vm
1GB,a,813.897,500,True,nodal, 614.3283486731121, 813897.0,1,6,1,4,vm
1GB,c,29.555,800,False,nodal, 338.3522246658772, 29555.0,1,1,1,1,vm
1GB,f,58.116,1000,False,nodal, 172.06965379585657, 58116.0,1,3,1,1,vm
1GB,a,348.311,500,True,nodal, 1435.4987353256142, 348311.0,1,1,1,5,vm
1GB,a,527.456,500,True,nodal, 947.9463689862282, 527456.0,1,3,1,3,vm
1GB,c,22.928,500,False,nodal, 436.1479413817167, 22928.0,1,1,1,1,vm
1GB,f,20.777,800,False,nodal, 481.3014390913029, 20777.0,1,1,1,5,vm
1GB,f,27.908,1000,False,nodal, 358.32019492618605, 27908.0,1,3,1,3,vm
1GB,a,351.54,500,True,nodal, 1422.3132502702395, 351540.0,1,1,1,4,vm
1GB,a,532.007,1000,True,nodal, 1879.6745155608855, 532007.0,1,1,1,3,vm
1GB,c,341.474,500,True,nodal, 1464.2403228357064, 341474.0,1,1,1,1,vm
1GB,c,30.384,500,False,nodal, 329.1205897840969, 30384.0,1,6,1,2,vm
1GB,f,870.992,800,True,nodal, 918.4929367893161, 870992.0,1,3,1,5,vm
1GB,a,18.552,800,False,nodal, 539.0254420008624, 18552.0,1,1,1,3,vm
1GB,f,776.503,800,True,nodal, 1030.2600247519972, 776503.0,1,3,1,1,vm
1GB,a,17.815,800,False,nodal, 561.324726354196, 17815.0,1,1,1,2,vm
1GB,c,44.186,800,False,nodal, 226.3160277010818, 44186.0,1,6,1,2,vm
1GB,a,464.393,800,True,nodal, 1722.6788517484113, 464393.0,1,1,1,1,vm
1GB,c,27.078,500,False,nodal, 369.30349361104953, 27078.0,1,6,1,4,vm
1GB,f,1541.498,1000,True,nodal, 648.719622081897, 1541498.0,1,6,1,2,vm
1GB,a,16.015,500,False,nodal, 624.4146113019044, 16015.0,1,1,1,2,vm
1GB,f,341.01,500,True,nodal, 1466.2326617987742, 341010.0,1,1,1,5,vm
1GB,c,47.952,1000,False,nodal, 208.54187520854188, 47952.0,1,6,1,3,vm
1GB,c,347.606,500,True,nodal, 1438.4101540249592, 347606.0,1,1,1,4,vm
1GB,a,453.763,800,True,nodal, 1763.034888256645, 453763.0,1,1,1,2,vm
1GB,a,30.351,500,False,nodal, 329.4784356363876, 30351.0,1,3,1,5,vm
1GB,f,37.627,800,False,nodal, 265.76660376857046, 37627.0,1,1,1,1,vm
1GB,c,1051.006,1000,True,nodal, 951.469354123573, 1051006.0,1,3,1,4,vm
1GB,a,890.974,800,True,nodal, 897.8937656991113, 890974.0,1,3,1,4,vm
1GB,c,348.899,500,True,nodal, 1433.0794871868363, 348899.0,1,1,1,3,vm
1GB,a,810.167,500,True,nodal, 617.1567096660318, 810167.0,1,6,1,2,vm
1GB,c,23.547,800,False,nodal, 424.68254979402894, 23547.0,1,6,1,5,vm
1GB,f,22.822,800,False,nodal, 438.1736920515292, 22822.0,1,3,1,5,vm
1GB,a,29.261,500,False,nodal, 341.7518198284406, 29261.0,1,6,1,1,vm
1GB,c,29.217,1000,False,nodal, 342.2664886880925, 29217.0,1,6,1,5,vm
1GB,f,27.53,1000,False,nodal, 363.24010170722846, 27530.0,1,3,1,4,vm
1GB,c,528.633,1000,True,nodal, 1891.6715377208764, 528633.0,1,1,1,1,vm
1GB,a,1534.222,1000,True,nodal, 651.7961546634059, 1534222.0,1,6,1,1,vm
1GB,f,47.32,500,False,nodal, 211.3271344040575, 47320.0,1,3,1,3,vm
1GB,c,18.908,800,False,nodal, 528.8766659614978, 18908.0,1,1,1,5,vm
1GB,c,32.879,500,False,nodal, 304.1455032087351, 32879.0,1,6,1,1,vm
1GB,f,1060.164,1000,True,nodal, 943.2502895778389, 1060164.0,1,3,1,2,vm
1GB,f,1607.814,1000,True,nodal, 621.9624906861117, 1607814.0,1,6,1,3,vm
1GB,c,532.975,500,True,nodal, 938.130306299545, 532975.0,1,3,1,2,vm
1GB,c,453.908,800,True,nodal, 1762.4716902984746, 453908.0,1,1,1,2,vm
1GB,a,30.6,1000,False,nodal, 326.797385620915, 30600.0,1,6,1,1,vm
1GB,f,543.5,500,True,nodal, 919.9632014719411, 543500.0,1,3,1,5,vm
1GB,f,19.469,500,False,nodal, 513.6370640505419, 19469.0,1,1,1,3,vm
1GB,f,56.859,800,False,nodal, 175.87365236813872, 56859.0,1,6,1,5,vm
1GB,c,528.568,1000,True,nodal, 1891.9041637026835, 528568.0,1,1,1,2,vm
1GB,a,528.812,1000,True,nodal, 1891.0312171433327, 528812.0,1,1,1,5,vm
1GB,a,345.388,500,True,nodal, 1447.647283634637, 345388.0,1,1,1,2,vm
1GB,f,18.511,800,False,nodal, 540.2193290475933, 18511.0,1,1,1,3,vm
1GB,a,25.775,800,False,nodal, 387.97284190106694, 25775.0,1,6,1,5,vm
1GB,f,530.664,1000,True,nodal, 1884.4315800581912, 530664.0,1,1,1,3,vm
1GB,c,1073.741,1000,True,nodal, 931.3232893220991, 1073741.0,1,3,1,1,vm
1GB,c,30.157,1000,False,nodal, 331.5979706204198, 30157.0,1,6,1,2,vm
1GB,c,20.715,500,False,nodal, 482.7419744146754, 20715.0,1,3,1,2,vm
1GB,a,22.064,800,False,nodal, 453.22697606961566, 22064.0,1,1,1,1,vm
1GB,c,38.754,1000,False,nodal, 258.03787996077824, 38754.0,1,1,1,5,vm
1GB,c,178.575,500,True,nodal, 2799.9440011199777, 178575.0,1,1,1,5,vm
1GB,c,19.394,500,False,nodal, 515.6233886769104, 19394.0,1,1,1,3,vm
1GB,c,45.967,1000,False,nodal, 217.54737094002218, 45967.0,1,1,1,2,vm
1GB,a,41.87,1000,False,nodal, 238.83448770002389, 41870.0,1,3,1,3,vm
1GB,f,755.2,500,True,nodal, 662.0762711864406, 755200.0,1,6,1,3,vm
1GB,a,25.141,800,False,nodal, 397.75665248001275, 25141.0,1,3,1,1,vm
1GB,c,1585.468,1000,True,nodal, 630.728592440844, 1585468.0,1,6,1,1,vm
1GB,c,458.301,800,True,nodal, 1745.5776880259916, 458301.0,1,1,1,5,vm
1GB,a,82.362,500,True,nodal, 309.936621257376, 82362.0,1,6,1,1,vm
1GB,a,25.29,1000,False,nodal, 395.41320680110715, 25290.0,1,1,1,1,vm
1GB,a,1155.914,1000,True,nodal, 865.1162629745811, 1155914.0,1,3,1,4,vm
1GB,c,523.411,500,True,nodal, 955.2722430365429, 523411.0,1,3,1,3,vm
1GB,f,29.737,500,False,nodal, 336.28140027575074, 29737.0,1,6,1,2,vm
1GB,f,456.636,800,True,nodal, 1751.9424662094098, 456636.0,1,1,1,4,vm
1GB,c,714.276,500,True,nodal, 700.0095201294738, 714276.0,1,6,1,2,vm
1GB,a,18.63,500,False,nodal, 536.7686527106817, 18630.0,1,1,1,4,vm
1GB,f,1301.251,800,True,nodal, 614.7929953560074, 1301251.0,1,6,1,3,vm
1GB,c,591.786,500,True,nodal, 844.9000145322802, 591786.0,1,3,1,1,vm
1GB,f,597.986,500,True,nodal, 836.1399765211895, 597986.0,1,3,1,3,vm
1GB,a,814.414,500,True,nodal, 613.9383654996108, 814414.0,1,6,1,3,vm
1GB,a,523.229,1000,True,nodal, 1911.2090499570934, 523229.0,1,1,1,2,vm
1GB,a,38.783,1000,False,nodal, 257.8449320578604, 38783.0,1,6,1,2,vm
1GB,f,24.486,800,False,nodal, 408.39663481172914, 24486.0,1,3,1,4,vm
1GB,f,26.076,500,False,nodal, 383.4944009817457, 26076.0,1,6,1,4,vm
1GB,c,19.508,1000,False,nodal, 512.610211195407, 19508.0,1,1,1,1,vm
1GB,c,34.415,800,False,nodal, 290.5709719599012, 34415.0,1,6,1,1,vm
1GB,f,17.512,800,False,nodal, 571.0370031978072, 17512.0,1,1,1,2,vm
1GB,c,23.666,1000,False,nodal, 422.54711400321133, 23666.0,1,3,1,4,vm
1GB,f,534.689,1000,True,nodal, 1870.246068275203, 534689.0,1,1,1,1,vm
1GB,a,1088.835,1000,True,nodal, 918.4127990007669, 1088835.0,1,3,1,5,vm
1GB,f,1550.559,1000,True,nodal, 644.9286999075817, 1550559.0,1,6,1,4,vm
1GB,c,39.118,500,False,nodal, 255.63679124699627, 39118.0,1,3,1,5,vm
1GB,f,29.323,1000,False,nodal, 341.02922620468576, 29323.0,1,3,1,2,vm
1GB,a,19.453,500,False,nodal, 514.0595280933533, 19453.0,1,1,1,5,vm
1GB,f,21.191,1000,False,nodal, 471.8984474541079, 21191.0,1,1,1,3,vm
1GB,f,1215.517,800,True,nodal, 658.1561590664713, 1215517.0,1,6,1,4,vm
1GB,a,21.851,800,False,nodal, 457.64495904077614, 21851.0,1,3,1,4,vm
1GB,a,28.845,500,False,nodal, 346.6805338880222, 28845.0,1,3,1,4,vm
1GB,f,39.128,800,False,nodal, 255.57145777959516, 39128.0,1,6,1,2,vm
1GB,f,1585.745,1000,True,nodal, 630.618415949601, 1585745.0,1,6,1,1,vm
1GB,c,909.689,800,True,nodal, 879.4214286420963, 909689.0,1,3,1,2,vm
1GB,c,49.768,1000,False,nodal, 200.93232599260568, 49768.0,1,6,1,1,vm
1GB,f,526.702,1000,True,nodal, 1898.6068023284513, 526702.0,1,1,1,4,vm
1GB,c,527.206,1000,True,nodal, 1896.7917664063004, 527206.0,1,1,1,3,vm
1GB,f,23.64,500,False,nodal, 423.01184433164127, 23640.0,1,3,1,5,vm
1GB,f,27.685,1000,False,nodal, 361.20642947444463, 27685.0,1,3,1,5,vm
1GB,c,180.133,500,True,nodal, 2775.7268240688823, 180133.0,1,1,1,2,vm
1GB,a,29.258,1000,False,nodal, 341.78686171303576, 29258.0,1,6,1,5,vm
1GB,a,18.338,1000,False,nodal, 545.3157378121932, 18338.0,1,1,1,5,vm
1GB,f,810.456,500,True,nodal, 616.9366381395165, 810456.0,1,6,1,1,vm
1GB,c,869.338,800,True,nodal, 920.2404588318927, 869338.0,1,3,1,3,vm
1GB,c,748.221,800,True,nodal, 1069.2028157456152, 748221.0,1,3,1,4,vm
1GB,c,34.815,1000,False,nodal, 287.23251472066636, 34815.0,1,3,1,2,vm
1GB,f,23.558,1000,False,nodal, 424.48425163426435, 23558.0,1,1,1,2,vm
1GB,c,841.485,500,True,nodal, 594.187656345627, 841485.0,1,6,1,5,vm
1GB,a,24.269,500,False,nodal, 412.0482920598294, 24269.0,1,3,1,1,vm
1GB,a,18.806,500,False,nodal, 531.7451877060513, 18806.0,1,6,1,5,vm
1GB,c,26.281,800,False,nodal, 380.50302499904876, 26281.0,1,6,1,3,vm
1GB,a,34.812,500,False,nodal, 287.2572676088705, 34812.0,1,6,1,2,vm
1GB,a,1314.299,800,True,nodal, 608.6894991170197, 1314299.0,1,6,1,2,vm
1GB,f,529.684,500,True,nodal, 943.9590397293481, 529684.0,1,3,1,2,vm
1GB,a,16.648,800,False,nodal, 600.6727534839019, 16648.0,1,1,1,4,vm
1GB,c,41.751,500,False,nodal, 239.51522119230677, 41751.0,1,3,1,1,vm
1GB,c,1565.908,1000,True,nodal, 638.6071212357303, 1565908.0,1,6,1,4,vm
1GB,a,1633.599,1000,True,nodal, 612.1453306472396, 1633599.0,1,6,1,2,vm
1GB,a,26.029,800,False,nodal, 384.1868684928349, 26029.0,1,6,1,4,vm
1GB,f,1044.418,1000,True,nodal, 957.4710508627771, 1044418.0,1,3,1,5,vm
1GB,c,1309.393,800,True,nodal, 610.970121269932, 1309393.0,1,6,1,5,vm
1GB,f,532.382,500,True,nodal, 939.1752538590711, 532382.0,1,3,1,4,vm
1GB,c,34.199,500,False,nodal, 292.4062107079154, 34199.0,1,3,1,4,vm
1GB,a,19.054,1000,False,nodal, 524.824183898394, 19054.0,1,1,1,4,vm
1GB,a,527.582,500,True,nodal, 947.7199752834631, 527582.0,1,3,1,4,vm
1GB,a,1319.075,800,True,nodal, 606.4856054432083, 1319075.0,1,6,1,4,vm
1GB,a,35.712,800,False,nodal, 280.0179211469534, 35712.0,1,3,1,5,vm
1GB,f,38.856,1000,False,nodal, 257.36051060325303, 38856.0,1,6,1,1,vm
1GB,a,25.611,1000,False,nodal, 390.45722541095626, 25611.0,1,3,1,1,vm
1GB,f,36.365,1000,False,nodal, 274.98968788670425, 36365.0,1,6,1,3,vm
1GB,f,59.332,500,False,nodal, 168.5431133283894, 59332.0,1,6,1,1,vm
1GB,a,1615.39,1000,True,nodal, 619.0455555624338, 1615390.0,1,6,1,4,vm
1GB,f,457.57,800,True,nodal, 1748.3663701728697, 457570.0,1,1,1,3,vm
1GB,f,23.762,800,False,nodal, 420.83999663328, 23762.0,1,3,1,2,vm
1GB,c,19.937,500,False,nodal, 501.57997692732107, 19937.0,1,6,1,5,vm
1GB,f,48.439,500,False,nodal, 206.44521976093642, 48439.0,1,6,1,3,vm
1GB,c,1596.517,1000,True,nodal, 626.363515076883, 1596517.0,1,6,1,3,vm
1GB,f,1096.587,1000,True,nodal, 911.9203492290169, 1096587.0,1,3,1,1,vm
1GB,c,1177.104,1000,True,nodal, 849.5426062607892, 1177104.0,1,3,1,2,vm
1GB,c,1536.691,1000,True,nodal, 650.7489143881236, 1536691.0,1,6,1,5,vm
1GB,c,24.494,1000,False,nodal, 408.26324814240223, 24494.0,1,3,1,1,vm
1GB,f,22.387,1000,False,nodal, 446.68780988966813, 22387.0,1,1,1,1,vm
1GB,c,39.451,800,False,nodal, 253.4789992649109, 39451.0,1,3,1,1,vm
1GB,a,697.932,1000,True,nodal, 1432.8043419702778, 697932.0,1,1,1,4,vm
1GB,c,31.494,500,False,nodal, 317.5207976122436, 31494.0,1,1,1,2,vm
1GB,a,16.264,500,False,nodal, 614.8548942449582, 16264.0,1,1,1,3,vm
1GB,f,23.938,800,False,nodal, 417.7458434288579, 23938.0,1,3,1,3,vm
1GB,c,1550.758,1000,True,nodal, 644.8459398565088, 1550758.0,1,6,1,2,vm
1GB,a,915.105,800,True,nodal, 874.216619950716, 915105.0,1,3,1,2,vm
1GB,a,892.658,800,True,nodal, 896.1998884231139, 892658.0,1,3,1,1,vm
1GB,f,36.82,800,False,nodal, 271.59152634437805, 36820.0,1,3,1,1,vm
1GB,f,740.7,500,True,nodal, 675.0371270419873, 740700.0,1,6,1,5,vm
1GB,c,19.582,500,False,nodal, 510.673067102441, 19582.0,1,1,1,5,vm
1GB,f,20.495,500,False,nodal, 487.92388387411563, 20495.0,1,1,1,2,vm
1GB,f,180.2,500,True,nodal, 2774.694783573807, 180200.0,1,1,1,4,vm
1GB,a,1213.496,800,True,nodal, 659.2522760684831, 1213496.0,1,6,1,1,vm
1GB,f,25.393,500,False,nodal, 393.8093175284527, 25393.0,1,3,1,4,vm
1GB,c,19.291,1000,False,nodal, 518.3764449743404, 19291.0,1,1,1,3,vm
1GB,c,38.225,800,False,nodal, 261.6088947024199, 38225.0,1,3,1,4,vm
1GB,c,907.671,500,True,nodal, 550.8603888413313, 907671.0,1,6,1,1,vm
1GB,f,45.789,1000,False,nodal, 218.39306383629255, 45789.0,1,6,1,4,vm
1GB,a,20.276,800,False,nodal, 493.19392385085814, 20276.0,1,3,1,2,vm
1GB,c,23.396,1000,False,nodal, 427.42349119507605, 23396.0,1,3,1,3,vm
1GB,c,27.186,500,False,nodal, 367.8363863753402, 27186.0,1,3,1,3,vm
1GB,f,38.758,800,False,nodal, 258.01124929046904, 38758.0,1,6,1,1,vm
1GB,a,1563.53,1000,True,nodal, 639.5783899253612, 1563530.0,1,6,1,3,vm
1GB,c,456.866,800,True,nodal, 1751.060486006838, 456866.0,1,1,1,3,vm
1GB,c,19.219,500,False,nodal, 520.3184348821479, 19219.0,1,1,1,4,vm
1GB,c,1245.581,800,True,nodal, 642.2705548655607, 1245581.0,1,6,1,4,vm
1GB,f,19.41,1000,False,nodal, 515.1983513652756, 19410.0,1,1,1,4,vm
1GB,c,28.108,1000,False,nodal, 355.7705991176889, 28108.0,1,6,1,4,vm
1GB,a,1091.856,1000,True,nodal, 915.8716900397122, 1091856.0,1,3,1,3,vm
1GB,f,182.084,500,True,nodal, 2745.9853693899518, 182084.0,1,1,1,1,vm
1GB,c,40.402,800,False,nodal, 247.51249938121876, 40402.0,1,6,1,4,vm
1GB,a,817.508,500,True,nodal, 611.6148098856524, 817508.0,1,6,1,5,vm
1GB,f,913.137,800,True,nodal, 876.1007384434099, 913137.0,1,3,1,2,vm
1GB,c,19.292,800,False,nodal, 518.3495749533486, 19292.0,1,3,1,3,vm
1GB,f,823.051,800,True,nodal, 971.9932300671526, 823051.0,1,3,1,4,vm
1GB,f,832.057,500,True,nodal, 600.9203696381378, 832057.0,1,6,1,2,vm
1GB,a,752.623,800,True,nodal, 1062.9491790710622, 752623.0,1,3,1,3,vm
1GB,f,459.005,800,True,nodal, 1742.9004041350313, 459005.0,1,1,1,5,vm
1GB,a,2111.346,500,True,eth, 236.81575639426225, 2111346.0,1,1,1,3,rp
1GB,a,67.275,500,False,eth, 148.64362690449647, 67275.0,1,1,1,1,rp
1GB,a,4452.766,1000,True,eth, 224.57950855715302, 4452766.0,1,1,1,1,rp
1GB,f,254.871,800,True,eth, 222.10451561770464, 254871.0,1,1,1,2,rp
1GB,f,102.634,500,False,eth, 97.43359900227995, 102634.0,1,1,1,1,rp
1GB,c,3516.513,800,True,eth, 227.49809257068011, 3516513.0,1,1,1,1,rp
1GB,a,12.386,1000,False,eth, 0.0, 12386.0,1,1,1,2,rp
1GB,f,4260.158,1000,True,eth, 234.73307797504225, 4260158.0,1,1,1,2,rp
1GB,a,1401.177,800,True,eth, 237.57455339332574, 1401177.0,1,1,1,3,rp
1GB,f,3527.082,800,True,eth, 226.81638816449404, 3527082.0,1,1,1,1,rp
1GB,f,2202.595,500,True,eth, 227.00496459857578, 2202595.0,1,1,1,2,rp
1GB,c,58.493,800,False,eth, 170.96062776742517, 58493.0,1,1,1,2,rp
1GB,a,2107.883,500,True,eth, 237.20481639635597, 2107883.0,1,1,1,1,rp
1GB,f,2103.957,500,True,eth, 237.64744241446, 2103957.0,1,1,1,3,rp
1GB,c,58.551,800,False,eth, 170.79127598162285, 58551.0,1,1,1,1,rp
1GB,c,68.736,500,False,eth, 145.48417132216014, 68736.0,1,1,1,1,rp
1GB,c,2166.737,500,True,eth, 230.76173988813593, 2166737.0,1,1,1,1,rp
1GB,a,12.387,800,False,eth, 0.0, 12387.0,1,1,1,2,rp
1GB,a,3493.959,800,True,eth, 228.9666249661201, 3493959.0,1,1,1,1,rp
1GB,a,75.589,500,False,eth, 132.2943814576195, 75589.0,1,1,1,2,rp
1GB,a,2539.01,800,True,eth, 222.96131169235252, 2539010.0,1,1,1,2,rp
1GB,f,79.91,800,False,eth, 125.14078338130396, 79910.0,1,1,1,1,rp
1GB,c,2102.102,500,True,eth, 237.85715441020463, 2102102.0,1,1,1,3,rp
1GB,c,4446.682,1000,True,eth, 224.8867807502313, 4446682.0,1,1,1,1,rp
1GB,c,3453.216,800,True,eth, 231.66810300890532, 3453216.0,1,1,1,2,rp
1GB,f,98.236,500,False,eth, 101.79567571969542, 98236.0,1,1,1,3,rp
1GB,c,2177.58,1000,True,eth, 230.78876551033716, 2177580.0,1,1,1,2,rp
1GB,a,2203.808,500,True,eth, 226.88001858601112, 2203808.0,1,1,1,2,rp
1GB,a,57.027,800,False,eth, 175.35553334385466, 57027.0,1,1,1,1,rp
1GB,c,70.893,500,False,eth, 141.05765026166193, 70893.0,1,1,1,3,rp
1GB,c,12.376,1000,False,eth, 0.0, 12376.0,1,1,1,2,rp
1GB,a,67.267,1000,False,eth, 148.66130494893486, 67267.0,1,1,1,1,rp
1GB,a,2189.292,1000,True,eth, 235.3578234424645, 2189292.0,1,1,1,2,rp
1GB,c,71.684,1000,False,eth, 139.50114390938006, 71684.0,1,1,1,1,rp
1GB,f,12.375,800,False,eth, 0.0, 12375.0,1,1,1,2,rp
1GB,f,4442.321,1000,True,eth, 225.10755076006438, 4442321.0,1,1,1,1,rp
1GB,c,2186.77,500,True,eth, 228.64773158585493, 2186770.0,1,1,1,2,rp
1GB,f,87.655,1000,False,eth, 114.08362329587588, 87655.0,1,1,1,2,rp
1GB,f,96.134,1000,False,eth, 104.02147003141448, 96134.0,1,1,1,1,rp
1GB,c,83.653,500,False,eth, 119.54143903984316, 83653.0,1,1,1,2,rp
1GB,a,71.148,500,False,eth, 140.55208860403667, 71148.0,1,1,1,3,rp
1GB,f,117.36,500,False,eth, 85.20790729379686, 117360.0,1,1,1,2,rp
1GB,f,2167.995,500,True,eth, 230.62783816383342, 2167995.0,1,1,1,1,rp
unk,e,332.0,1000,True,nodal, 3012.0481927710844, 332000.0,1,1,1,2,vm
4GB_wle_dbs1000_rf1_t2_lt1_ld,e,333.728,1000,True,nodal, 2996.452200594496, 333728.0,1,1,1,2,vm
4GB_wla_dbs1000_rf1_t4_lt1_run,a,14.421,1000,False,nodal, 693.4331877123639, 14421.0,1,6,1,4,vm
unk,e,47.4,1000,False,nodal, 210.9704641350211, 47400.0,1,3,1,4,vm
4GB_wlc_dbs1000_rf1_t1_lt1_run,c,12.484,1000,False,nodal, 801.0253123998718, 12484.0,1,3,1,1,vm
unk,a,15.255,1000,False,nodal, 655.5227794165847, 15255.0,1,1,1,4,vm
unk,e,47.87,1000,False,nodal, 208.89910173386255, 47870.0,1,3,1,5,vm
unk,c,16.077,1000,False,nodal, 622.0065932698886, 16077.0,1,1,1,3,vm
4GB_wla_dbs1000_rf1_t5_lt1_run,a,6.38,1000,False,nodal, 1567.398119122257, 6380.0,1,1,1,5,vm
unk,c,16.55,1000,False,nodal, 604.2296072507553, 16550.0,1,1,1,2,vm
4GB_wle_dbs1000_rf1_t1_lt1_run,e,29.663,1000,False,nodal, 337.12031824158043, 29663.0,1,1,1,1,vm
4GB_wlc_dbs1000_rf1_t5_lt1_ld,c,335.207,1000,True,nodal, 2983.2312571038196, 335207.0,1,1,1,5,vm
unk,a,149.606,1000,True,nodal, 1170.8955523174204, 149606.0,1,3,1,1,vm
4GB_wla_dbs1000_rf1_t3_lt1_ld,a,623.277,1000,True,nodal, 1604.423073529105, 623277.0,1,3,1,3,vm
4GB_wlc_dbs1000_rf1_t1_lt1_run,c,6.513,1000,False,nodal, 1535.3907569476432, 6513.0,1,1,1,1,vm
unk,c,15.992,1000,False,nodal, 625.312656328164, 15992.0,1,1,1,4,vm
1GB_wle_dbs1000_rf1_t4_lt1_run,e,74.733,1000,False,nodal, 133.80969585056133, 74733.0,1,6,1,4,vm
unk,e,669.335,1000,True,nodal, 1494.0201842126887, 669335.0,1,3,1,2,vm
4GB_wlc_dbs1000_rf1_t1_lt1_ld,c,617.735,1000,True,nodal, 1618.817130322873, 617735.0,1,3,1,1,vm
4GB_wlc_dbs1000_rf1_t5_lt1_ld,c,620.127,1000,True,nodal, 1612.5729084526233, 620127.0,1,3,1,5,vm
4GB_wla_dbs1000_rf1_t4_lt1_ld,a,332.259,1000,True,nodal, 3009.700263950713, 332259.0,1,1,1,4,vm
4GB_wla_dbs1000_rf1_t3_lt1_ld,a,997.673,1000,True,nodal, 1002.3324275589297, 997673.0,1,6,1,3,vm
4GB_wle_dbs1000_rf1_t4_lt1_ld,e,624.606,1000,True,nodal, 1601.0092762477466, 624606.0,1,3,1,4,vm
4GB_wla_dbs1000_rf1_t1_lt1_run,a,6.359,1000,False,nodal, 1572.5743041358703, 6359.0,1,1,1,1,vm
4GB_wla_dbs1000_rf1_t2_lt1_ld,a,619.709,1000,True,nodal, 1613.6606052195466, 619709.0,1,3,1,2,vm
4GB_wle_dbs1000_rf1_t5_lt1_run,e,32.251,1000,False,nodal, 310.0679048711668, 32251.0,1,1,1,5,vm
4GB_wle_dbs1000_rf1_t1_lt1_run,e,24.237,1000,False,nodal, 412.59231753104757, 24237.0,1,3,1,1,vm
4GB_wlc_dbs1000_rf1_t2_lt1_ld,c,334.545,1000,True,nodal, 2989.1344961066525, 334545.0,1,1,1,2,vm
4GB_wlc_dbs1000_rf1_t4_lt1_ld,c,334.174,1000,True,nodal, 2992.45303344964, 334174.0,1,1,1,4,vm
4GB_wla_dbs1000_rf1_t5_lt1_run,a,9.776,1000,False,nodal, 1022.9132569558102, 9776.0,1,3,1,5,vm
unk,c,23.435,1000,False,nodal, 426.7121826328142, 23435.0,1,3,1,4,vm
unk,e,333.542,1000,True,nodal, 2998.1231748925175, 333542.0,1,1,1,1,vm
unk,c,682.04,1000,True,nodal, 1466.189666295232, 682040.0,1,3,1,2,vm
4GB_wlc_dbs1000_rf1_t2_lt1_ld,c,1068.237,1000,True,nodal, 936.1218531093756, 1068237.0,1,6,1,2,vm
4GB_wle_dbs1000_rf1_t4_lt1_ld,e,336.593,1000,True,nodal, 2970.9471082286323, 336593.0,1,1,1,4,vm
4GB_wle_dbs1000_rf1_t2_lt1_ld,e,1033.961,1000,True,nodal, 967.1544671414106, 1033961.0,1,6,1,2,vm
unk,c,64.762,1000,False,nodal, 154.41153763009171, 64762.0,1,3,1,5,vm
unk,c,192.33,1000,False,nodal, 51.99396869963084, 192330.0,1,1,1,1,vm
unk,a,328.509,1000,True,nodal, 3044.056631629575, 328509.0,1,1,1,3,vm
4GB_wle_dbs1000_rf1_t2_lt1_run,e,24.19,1000,False,nodal, 413.39396444811905, 24190.0,1,3,1,2,vm
1GB_wle_dbs1000_rf1_t2_lt1_ld,e,1065.418,1000,True,nodal, 938.5987471583923, 1065418.0,1,6,1,2,vm
unk,a,376.778,1000,True,nodal, 2654.082775533603, 376778.0,1,1,1,1,vm
unk,c,673.291,1000,True,nodal, 1485.2418939210534, 673291.0,1,3,1,4,vm
4GB_wla_dbs1000_rf1_t4_lt1_run,a,6.38,1000,False,nodal, 1567.398119122257, 6380.0,1,1,1,4,vm
unk,a,19.276,1000,False,nodal, 518.7798298402158, 19276.0,1,3,1,1,vm
4GB_wlc_dbs1000_rf1_t2_lt1_run,c,6.328,1000,False,nodal, 1580.2781289506954, 6328.0,1,1,1,2,vm
unk,e,685.751,1000,True,nodal, 1458.255255916506, 685751.0,1,3,1,4,vm
4GB_wla_dbs1000_rf1_t1_lt1_run,a,10.985,1000,False,nodal, 910.3322712790168, 10985.0,1,3,1,1,vm
4GB_wle_dbs1000_rf1_t3_lt1_ld,e,334.923,1000,True,nodal, 2985.7609062381503, 334923.0,1,1,1,3,vm
4GB_wlc_dbs1000_rf1_t1_lt1_ld,c,1078.127,1000,True,nodal, 927.534511240327, 1078127.0,1,6,1,1,vm
4GB_wlc_dbs1000_rf1_t5_lt1_run,c,6.492,1000,False,nodal, 1540.3573629081948, 6492.0,1,1,1,5,vm
unk,e,53.897,1000,False,nodal, 185.53908380800416, 53897.0,1,3,1,2,vm
1GB_wle_dbs1000_rf1_t4_lt1_ld,e,1050.983,1000,True,nodal, 951.4901763396743, 1050983.0,1,6,1,4,vm
4GB_wla_dbs1000_rf1_t2_lt1_run,a,6.309,1000,False,nodal, 1585.0372483753367, 6309.0,1,1,1,2,vm
unk,c,671.003,1000,True,nodal, 1490.3063026543846, 671003.0,1,3,1,3,vm
unk,e,537.427,1000,True,nodal, 1342.9730921594933, 537427.0,1,3,1,1,vm
unk,c,16.151,1000,False,nodal, 619.1567085629373, 16151.0,1,1,1,5,vm
4GB_wle_dbs1000_rf1_t5_lt1_ld,e,1009.674,1000,True,nodal, 990.4186895968402, 1009674.0,1,6,1,5,vm
4GB_wla_dbs1000_rf1_t3_lt1_run,a,9.973,1000,False,nodal, 1002.7073097362879, 9973.0,1,3,1,3,vm
unk,c,376.39,1000,True,nodal, 1432.585881665294, 376390.0,1,3,1,5,vm
4GB_wle_dbs1000_rf1_t4_lt1_run,e,24.183,1000,False,nodal, 413.51362527395275, 24183.0,1,3,1,4,vm
4GB_wlc_dbs1000_rf1_t4_lt1_run,c,9.639,1000,False,nodal, 1037.4520178441746, 9639.0,1,3,1,4,vm
unk,c,23.714,1000,False,nodal, 421.69182761238085, 23714.0,1,3,1,3,vm
4GB_wlc_dbs1000_rf1_t4_lt1_run,c,6.286,1000,False,nodal, 1590.836780146357, 6286.0,1,1,1,4,vm
unk,e,329.362,1000,True,nodal, 3036.172964701453, 329362.0,1,1,1,5,vm
unk,e,713.901,1000,True,nodal, 1400.7544463448014, 713901.0,1,3,1,5,vm
unk,c,332.673,1000,True,nodal, 3005.954796451771, 332673.0,1,1,1,4,vm
unk,a,66.475,1000,False,nodal, 150.43249341857842, 66475.0,1,3,1,2,vm
4GB_wlc_dbs1000_rf1_t4_lt1_ld,c,622.771,1000,True,nodal, 1605.7266635729666, 622771.0,1,3,1,4,vm
unk,a,0.276,1000,False,nodal, 0.0, 276.0,1,2,1,4,vm
4GB_wlc_dbs1000_rf1_t3_lt1_run,c,9.964,1000,False,nodal, 1003.6130068245684, 9964.0,1,3,1,3,vm
4GB_wla_dbs1000_rf1_t5_lt1_ld,a,332.202,1000,True,nodal, 3010.216675396295, 332202.0,1,1,1,5,vm
4GB_wla_dbs1000_rf1_t2_lt1_run,a,10.332,1000,False,nodal, 967.8668215253581, 10332.0,1,3,1,2,vm
unk,a,27.984,1000,False,nodal, 357.347055460263, 27984.0,1,3,1,4,vm
4GB_wlc_dbs1000_rf1_t1_lt1_ld,c,340.833,1000,True,nodal, 2933.9881994994616, 340833.0,1,1,1,1,vm
4GB_wle_dbs1000_rf1_t3_lt1_run,e,27.165,1000,False,nodal, 368.1207436039021, 27165.0,1,1,1,3,vm
unk,a,22.507,1000,False,nodal, 444.30621584395965, 22507.0,1,3,1,5,vm
unk,c,29.054,1000,False,nodal, 344.18668685895227, 29054.0,1,3,1,1,vm
4GB_wle_dbs1000_rf1_t3_lt1_run,e,23.952,1000,False,nodal, 417.50167000668, 23952.0,1,3,1,3,vm
4GB_wle_dbs1000_rf1_t1_lt1_ld,e,1061.639,1000,True,nodal, 941.9397742547137, 1061639.0,1,6,1,1,vm
4GB_wlc_dbs1000_rf1_t3_lt1_run,c,6.33,1000,False,nodal, 1579.778830963665, 6330.0,1,1,1,3,vm
unk,a,666.342,1000,True,nodal, 1500.7308559268363, 666342.0,1,3,1,3,vm
unk,a,51.253,1000,False,nodal, 195.11053011531033, 51253.0,1,1,1,1,vm
4GB_wla_dbs1000_rf1_t2_lt1_ld,a,1068.16,1000,True,nodal, 936.1893349310965, 1068160.0,1,6,1,2,vm
4GB_wlc_dbs1000_rf1_t2_lt1_run,c,20.581,1000,False,nodal, 485.8850395996307, 20581.0,1,6,1,2,vm
4GB_wla_dbs1000_rf1_t1_lt1_ld,a,1116.369,1000,True,nodal, 895.76116857419, 1116369.0,1,6,1,1,vm
4GB_wle_dbs1000_rf1_t4_lt1_run,e,30.894,1000,False,nodal, 323.6874474007898, 30894.0,1,1,1,4,vm
unk,e,393.691,1000,False,nodal, 25.400631459698086, 393691.0,1,1,1,5,vm
unk,c,334.422,1000,True,nodal, 2990.2338960953525, 334422.0,1,1,1,3,vm
1GB_wle_dbs1000_rf1_t1_lt1_ld,e,1206.859,1000,True,nodal, 828.5972097817557, 1206859.0,1,6,1,1,vm
unk,e,429.216,1000,False,nodal, 23.298292701110864, 429216.0,1,1,1,2,vm
unk,a,19.453,1000,False,nodal, 514.0595280933533, 19453.0,1,1,1,2,vm
unk,c,717.586,1000,True,nodal, 1393.5611898782863, 717586.0,1,3,1,1,vm
4GB_wla_dbs1000_rf1_t1_lt1_ld,a,617.978,1000,True,nodal, 1618.1805824802825, 617978.0,1,3,1,1,vm
4GB_wla_dbs1000_rf1_t2_lt1_ld,a,332.485,1000,True,nodal, 3007.6544806532625, 332485.0,1,1,1,2,vm
1GB_wle_dbs1000_rf1_t5_lt1_run,e,74.699,1000,False,nodal, 133.87060067738523, 74699.0,1,6,1,5,vm
4GB_wla_dbs1000_rf1_t4_lt1_run,a,10.051,1000,False,nodal, 994.9258780220873, 10051.0,1,3,1,4,vm
unk,e,330.268,1000,True,nodal, 3027.844053919847, 330268.0,1,1,1,4,vm
unk,a,332.48,1000,True,nodal, 3007.699711260828, 332480.0,1,1,1,2,vm
4GB_wla_dbs1000_rf1_t3_lt1_ld,a,331.346,1000,True,nodal, 3017.993275910981, 331346.0,1,1,1,3,vm
4GB_wle_dbs1000_rf1_t5_lt1_run,e,31.21,1000,False,nodal, 320.41012495994875, 31210.0,1,6,1,5,vm
4GB_wle_dbs1000_rf1_t5_lt1_run,e,23.71,1000,False,nodal, 421.76296921130324, 23710.0,1,3,1,5,vm
unk,a,327.615,1000,True,nodal, 3052.363292279047, 327615.0,1,1,1,4,vm
4GB_wlc_dbs1000_rf1_t4_lt1_run,c,14.247,1000,False,nodal, 701.9021548396154, 14247.0,1,6,1,4,vm
4GB_wle_dbs1000_rf1_t3_lt1_ld,e,992.676,1000,True,nodal, 1007.3780367410917, 992676.0,1,6,1,3,vm
4GB_wlc_dbs1000_rf1_t4_lt1_ld,c,993.517,1000,True,nodal, 1006.5253035428684, 993517.0,1,6,1,4,vm
4GB_wle_dbs1000_rf1_t5_lt1_ld,e,629.13,1000,True,nodal, 1589.4966064247453, 629130.0,1,3,1,5,vm
4GB_wle_dbs1000_rf1_t1_lt1_ld,e,621.194,1000,True,nodal, 1609.803056694044, 621194.0,1,3,1,1,vm
1GB_wle_dbs1000_rf1_t1_lt1_run,e,150.491,1000,False,nodal, 66.44915642795915, 150491.0,1,6,1,1,vm
4GB_wla_dbs1000_rf1_t5_lt1_run,a,14.13,1000,False,nodal, 707.7140835102618, 14130.0,1,6,1,5,vm
4GB_wla_dbs1000_rf1_t2_lt1_run,a,20.705,1000,False,nodal, 482.97512678097075, 20705.0,1,6,1,2,vm
4GB_wle_dbs1000_rf1_t3_lt1_run,e,31.957,1000,False,nodal, 312.9204869042776, 31957.0,1,6,1,3,vm
1GB_wle_dbs1000_rf1_t5_lt1_ld,e,1052.059,1000,True,nodal, 950.5170337405032, 1052059.0,1,6,1,5,vm
unk,a,751.97,1000,True,nodal, 1329.8402861816296, 751970.0,1,3,1,2,vm
1GB_wle_dbs1000_rf1_t3_lt1_ld,e,1051.186,1000,True,nodal, 951.3064291191092, 1051186.0,1,6,1,3,vm
4GB_wla_dbs1000_rf1_t4_lt1_ld,a,624.549,1000,True,nodal, 1601.155393732117, 624549.0,1,3,1,4,vm
unk,e,139.923,1000,False,nodal, 71.46787876189047, 139923.0,1,3,1,1,vm
4GB_wla_dbs1000_rf1_t1_lt1_run,a,25.582,1000,False,nodal, 390.89985145805645, 25582.0,1,6,1,1,vm
unk,e,331.89,1000,True,nodal, 3013.046491307361, 331890.0,1,1,1,3,vm
4GB_wla_dbs1000_rf1_t4_lt1_ld,a,991.952,1000,True,nodal, 1008.1132958046358, 991952.0,1,6,1,4,vm
unk,c,22.853,1000,False,nodal, 437.5793112501641, 22853.0,1,3,1,2,vm
unk,e,466.524,1000,False,nodal, 21.43512445233257, 466524.0,1,1,1,1,vm
4GB_wlc_dbs1000_rf1_t2_lt1_run,c,9.78,1000,False,nodal, 1022.4948875255624, 9780.0,1,3,1,2,vm
unk,a,328.692,1000,True,nodal, 3042.3618463485573, 328692.0,1,1,1,5,vm
4GB_wla_dbs1000_rf1_t3_lt1_run,a,16.527,1000,False,nodal, 605.070490712168, 16527.0,1,6,1,3,vm
4GB_wle_dbs1000_rf1_t2_lt1_ld,e,620.44,1000,True,nodal, 1611.759396557282, 620440.0,1,3,1,2,vm
4GB_wlc_dbs1000_rf1_t3_lt1_ld,c,984.658,1000,True,nodal, 1015.5810443829228, 984658.0,1,6,1,3,vm
4GB_wle_dbs1000_rf1_t2_lt1_run,e,27.552,1000,False,nodal, 362.9500580720093, 27552.0,1,1,1,2,vm
4GB_wlc_dbs1000_rf1_t3_lt1_ld,c,620.727,1000,True,nodal, 1611.014181757842, 620727.0,1,3,1,3,vm
4GB_wlc_dbs1000_rf1_t1_lt1_run,c,20.727,1000,False,nodal, 482.4624885415159, 20727.0,1,6,1,1,vm
4GB_wlc_dbs1000_rf1_t5_lt1_ld,c,987.091,1000,True,nodal, 1013.0778215990217, 987091.0,1,6,1,5,vm
4GB_wlc_dbs1000_rf1_t3_lt1_run,c,14.607,1000,False,nodal, 684.6032724036421, 14607.0,1,6,1,3,vm
4GB_wle_dbs1000_rf1_t2_lt1_run,e,33.675,1000,False,nodal, 296.9561989606533, 33675.0,1,6,1,2,vm
4GB_wle_dbs1000_rf1_t1_lt1_run,e,42.811,1000,False,nodal, 233.58482632968162, 42811.0,1,6,1,1,vm
unk,c,328.81,1000,True,nodal, 3041.2700343663514, 328810.0,1,1,1,2,vm
unk,c,331.976,1000,True,nodal, 3012.2659469359232, 331976.0,1,1,1,5,vm
1GB_wle_dbs1000_rf1_t2_lt1_run,e,98.552,1000,False,nodal, 101.46927510349866, 98552.0,1,6,1,2,vm
4GB_wle_dbs1000_rf1_t4_lt1_ld,e,986.793,1000,True,nodal, 1013.3837593091965, 986793.0,1,6,1,4,vm
unk,a,677.662,1000,True,nodal, 1475.6619081489002, 677662.0,1,3,1,4,vm
4GB_wla_dbs1000_rf1_t5_lt1_ld,a,619.986,1000,True,nodal, 1612.9396470242878, 619986.0,1,3,1,5,vm
unk,e,401.334,1000,False,nodal, 24.916902131391808, 401334.0,1,1,1,3,vm
unk,c,357.161,1000,True,nodal, 2799.857767225425, 357161.0,1,1,1,1,vm
4GB_wla_dbs1000_rf1_t1_lt1_ld,a,328.683,1000,True,nodal, 3042.4451523200164, 328683.0,1,1,1,1,vm
unk,a,25.916,1000,False,nodal, 385.8620157431702, 25916.0,1,3,1,3,vm
unk,e,668.366,1000,True,nodal, 1496.1862213218506, 668366.0,1,3,1,3,vm
4GB_wle_dbs1000_rf1_t4_lt1_run,e,31.325,1000,False,nodal, 319.2338387869114, 31325.0,1,6,1,4,vm
4GB_wle_dbs1000_rf1_t5_lt1_ld,e,333.542,1000,True,nodal, 2998.1231748925175, 333542.0,1,1,1,5,vm
unk,a,665.656,1000,True,nodal, 1502.277452618169, 665656.0,1,3,1,5,vm
unk,a,16.547,1000,False,nodal, 604.3391551338611, 16547.0,1,1,1,5,vm
4GB_wlc_dbs1000_rf1_t2_lt1_ld,c,622.666,1000,True,nodal, 1605.9974368280907, 622666.0,1,3,1,2,vm
4GB_wle_dbs1000_rf1_t1_lt1_ld,e,332.696,1000,True,nodal, 3005.7469882415176, 332696.0,1,1,1,1,vm
4GB_wlc_dbs1000_rf1_t3_lt1_ld,c,334.396,1000,True,nodal, 2990.466393138674, 334396.0,1,1,1,3,vm
4GB_wlc_dbs1000_rf1_t5_lt1_run,c,14.516,1000,False,nodal, 688.8950124001102, 14516.0,1,6,1,5,vm
4GB_wlc_dbs1000_rf1_t5_lt1_run,c,9.758,1000,False,nodal, 1024.8001639680263, 9758.0,1,3,1,5,vm
unk,e,401.752,1000,False,nodal, 24.890977518469104, 401752.0,1,1,1,4,vm
4GB_wla_dbs1000_rf1_t3_lt1_run,a,6.178,1000,False,nodal, 1618.6468112657817, 6178.0,1,1,1,3,vm
1GB_wle_dbs1000_rf1_t3_lt1_run,e,79.502,1000,False,nodal, 125.78299916983221, 79502.0,1,6,1,3,vm
unk,a,16.158,1000,False,nodal, 618.8884762965714, 16158.0,1,1,1,3,vm
4GB_wle_dbs1000_rf1_t3_lt1_ld,e,619.696,1000,True,nodal, 1613.6944566368027, 619696.0,1,3,1,3,vm
4GB_wla_dbs1000_rf1_t5_lt1_ld,a,984.159,1000,True,nodal, 1016.0959763615432, 984159.0,1,6,1,5,vm
unk,e,50.712,1000,False,nodal, 197.19198611768417, 50712.0,1,3,1,3,vm
